"raceId","mean_lap_time","median_lap_time","mean_race_time","median_race_time","circuitId","year","round","circuit_name","circuit_length","mean_speed"
1,97.3405219550949,97.5899827586207,5153.41494736842,5657.388,1,2009,1,"Albert Park Grand Prix Circuit",5278,195.19928204993
2,110.425188696993,109.748322580645,3200.46257894737,3377.982,2,2009,2,"Sepang International Circuit",5543,180.708769760458
3,129.788084230346,127.793535714286,6582.2418,7119.129,17,2009,3,"Shanghai International Circuit",5451,151.197239071441
5,92.4893603189702,89.65513997669,5291.6218125,5852.692,4,2009,5,"Circuit de Barcelona-Catalunya",4657,181.266255298787
6,78.9325363715155,78.48759682861,5007.91505,6059.702,6,2009,6,"Circuit de Monaco",3337,152.1957934236
7,90.8192616976226,90.4865775862069,4930.8246,5210.581,5,2009,7,"Istanbul Park",5338,211.593880425732
8,84.4337341488522,84.0350083333333,4831.39035,5014.807,9,2009,8,"Silverstone Circuit",5891,251.174488654169
9,97.9179949878143,97.7572666666667,5527.57535,5863.3845,20,2009,9,"Nürburgring",5148,189.268581350204
10,86.6820159119688,85.3304571428571,5219.57278947368,5938.268,11,2009,10,"Hungaroring",4381,181.947775834114
12,115.932310715326,115.172238636364,4788.212,5065.107,13,2009,12,"Circuit de Spa-Francorchamps",7004,217.492430232969
13,88.2033231510368,88.0465576923077,4161.47773684211,4612.837,14,2009,13,"Autodromo Nazionale di Monza",5793,236.440071133021
14,116.362294389643,115.144426229508,5995.51485,6991.475,15,2009,14,"Marina Bay Street Circuit",4940,152.833012560321
15,100.263201162314,100.224849056604,5027.94636842105,5311.917,22,2009,15,"Suzuka Circuit",5807,208.503217109107
16,79.6956021146487,78.9634507042254,4978.92305882353,5562.733,18,2009,16,"Autódromo José Carlos Pace",4309,194.645621444508
17,103.740832289562,103.525509090909,5310.6833,5670.712,24,2009,17,"Yas Marina Circuit",5281,183.260530886572
18,98.6771576077915,98.4246551724138,4324.92105882353,5275.34,1,2008,1,"Albert Park Grand Prix Circuit",5278,192.55520183832
19,103.076627306071,99.370875,4832.29228571429,5517.005,2,2008,2,"Sepang International Circuit",5543,193.591898779799
21,93.6244147934478,90.6202675990676,4561.4428,5903.9915,4,2008,4,"Circuit de Barcelona-Catalunya",4657,179.068676017757
22,94.4618731254179,91.1343965517241,4819.26236842105,5223.906,5,2008,5,"Istanbul Park",5338,203.434458413562
23,97.7471362455747,96.8101231638418,6188.62655,7258.8535,6,2008,6,"Circuit de Monaco",3337,122.900787290777
24,83.9068531485722,83.4362571428571,4770.72635,5805.483,7,2008,7,"Circuit Gilles Villeneuve",4361,187.107481819167
25,79.9425359640269,79.5196357142857,5338.8234,5545.653,8,2008,8,"Circuit de Nevers Magny-Cours",4411,198.637681535967
26,100.830777144028,101.091025423729,5140.57561111111,5966.3715,9,2008,9,"Silverstone Circuit",5891,210.328637750227
27,82.4233246623054,82.362723880597,5206.06205,5508.8165,10,2008,10,"Hockenheimring",4574,199.778400925516
28,85.0281373446927,84.4334071428571,5653.2551,5872.6385,11,2008,11,"Hungaroring",4381,185.486834035468
30,114.58528195424,114.416011363636,4660.3914,4984.3315,13,2008,13,"Circuit de Spa-Francorchamps",7004,220.049203265646
31,100.055798360505,99.3237830188679,5047.27625,5243.252,14,2008,14,"Autodromo Nazionale di Monza",5793,208.431698529449
32,115.670375481474,115.663786885246,6170.8129,7045.5155,15,2008,15,"Marina Bay Street Circuit",4940,153.747231527301
34,102.614256332774,99.9527589285714,5056.4609,5548.474,17,2008,17,"Shanghai International Circuit",5451,191.236585454183
35,80.9339186061619,80.808159054326,5691.71144444444,5690.8405,18,2008,18,"Autódromo José Carlos Pace",4309,191.667477210463
36,90.5720449689892,90.6063070175439,4696.58022727273,5159.8075,1,2007,1,"Albert Park Grand Prix Circuit",5278,209.786584883952
37,100.943193827733,100.508678571429,5196.28657142857,5573.736,2,2007,2,"Sepang International Circuit",5543,197.683461789948
39,89.1874858091491,86.7320234375,4093.57472727273,5510.177,4,2007,4,"Circuit de Barcelona-Catalunya",4657,187.977044625696
40,79.9245912177606,79.0966753246753,5480.8325,6066.2815,6,2007,5,"Circuit de Monaco",3337,150.306680546781
41,88.4371866597178,89.4003,5057.13704761905,6255.635,7,2007,6,"Circuit Gilles Villeneuve",4361,177.522607773671
43,83.3231542025242,79.4380144927536,4773.10776190476,5486.353,8,2007,8,"Circuit de Nevers Magny-Cours",4411,190.578479079215
44,86.1313080777405,85.3298620689655,4199.04163636364,4915.0315,9,2007,9,"Silverstone Circuit",5891,246.224055727314
45,145.020119349506,129.782457627119,5273.761,7595.975,20,2007,10,"Nürburgring",5148,127.79468175264
46,84.0125044138845,83.6960579710145,5210.69045454545,5783.98,11,2007,11,"Hungaroring",4381,187.729197100253
47,91.5661211974302,91.1710760738052,5037.51959090909,5237.515,5,2007,12,"Istanbul Park",5338,209.868013941158
48,91.8774707316269,90.6204430333817,4382.9835,4744.8905,14,2007,13,"Autodromo Nazionale di Monza",5793,226.984916257835
49,114.768169395809,112.698028805497,4344.59536363636,4873.9985,13,2007,14,"Circuit de Spa-Francorchamps",7004,219.698546493683
51,108.004282829974,106.740943181818,5202.50713636364,5912.4415,17,2007,16,"Shanghai International Circuit",5451,181.692794820854
52,79.4322466241297,76.2444285714286,4093.08227272727,5305.04,18,2007,17,"Autódromo José Carlos Pace",4309,195.290963799678
54,101.244447686906,99.1494909090909,4549.13580952381,5450.16,2,2006,2,"Sepang International Circuit",5543,197.095252686936
55,103.205137408553,100.380473684211,4889.94626315789,5692.694,1,2006,3,"Albert Park Grand Prix Circuit",5278,184.107114016839
56,92.3516242378882,89.4542096774194,4934.00309523809,5482.354,21,2006,4,"Autodromo Enzo e Dino Ferrari",4909,191.359926215025
57,99.8053289734286,97.6436949152542,4767.58576190476,5762.516,20,2006,5,"Nürburgring",5148,185.689483624006
58,81.1229995187463,80.4049692307692,4611.49513636364,5200.6375,4,2006,6,"Circuit de Barcelona-Catalunya",4657,206.663955961414
59,81.0385047118258,81.3669155844156,5741.869,6265.2525,6,2006,7,"Circuit de Monaco",3337,148.240642429412
60,90.5520310903391,87.6520169491525,4723.40565,5189.585,9,2006,8,"Silverstone Circuit",5891,234.203471138513
61,84.9091026831827,82.5903623188406,4640.08857142857,5688.881,7,2006,9,"Circuit Gilles Villeneuve",4361,184.898903696806
63,81.0456077890151,80.7233043478261,4954.0749047619,5544.118,8,2006,11,"Circuit de Nevers Magny-Cours",4411,195.934121949448
64,90.7754616504531,79.9176818181818,4146.1909047619,5278.453,10,2006,12,"Hockenheimring",4574,181.39703947094
65,100.789529789469,98.7731111111111,5188.93061904762,6743.674,11,2006,13,"Hungaroring",4381,156.480539525722
66,98.3925877653876,93.7067192982456,4561.31776190476,5336.738,5,2006,14,"Istanbul Park",5338,195.307394961717
67,86.8582404958346,86.2925856313498,4030.70454545455,4502.726,14,2006,15,"Autodromo Nazionale di Monza",5793,240.101571030559
68,107.571023581817,107.172570454545,5492.668,5900.7045,17,2006,16,"Shanghai International Circuit",5451,182.424591182537
69,97.1564893951617,96.9941730769231,4711.92945454545,5058.591,22,2006,17,"Suzuka Circuit",5807,215.170392941772
70,82.8519427766507,79.1093714285714,4620.388,5533.145,18,2006,18,"Autódromo José Carlos Pace",4309,187.230371191389
71,90.553792538091,89.9301259398496,4769.55455,5068.7575,1,2005,1,"Albert Park Grand Prix Circuit",5278,209.828870414316
72,101.152624338805,99.5525625,4365.4441,5515.056,2,2005,2,"Sepang International Circuit",5543,197.274169903516
74,86.8664090999765,86.2543383130619,4248.16935,5288.6085,21,2005,4,"Autodromo Enzo e Dino Ferrari",4909,203.443427477938
75,84.181202081867,80.6315,4455.54211111111,5239.9505,4,2005,5,"Circuit de Barcelona-Catalunya",4657,199.156101188668
76,82.9808673519792,81.7801242937853,5547.06027777778,6352.468,6,2005,6,"Circuit de Monaco",3337,144.7707210512
77,95.0545061980821,94.5453728813559,5421.44178947368,5552.755,20,2005,7,"Nürburgring",5148,194.970241193825
78,82.2063842392996,79.8620807692308,4638.51965,5529.8585,7,2005,8,"Circuit Gilles Villeneuve",4361,190.977868024204
80,81.9342696761783,80.0223913043478,4759.6242,5497.9325,8,2005,10,"Circuit de Nevers Magny-Cours",4411,193.809013771155
81,86.9931506757121,86.5910169491525,4909.28495,5124.26,9,2005,11,"Silverstone Circuit",5891,243.784709891201
82,80.00171858555,78.6004330619629,5095.1594,5222.323,10,2005,12,"Hockenheimring",4574,205.825578389189
83,86.7596543743257,85.1722608695652,5497.58966666667,5886.8285,11,2005,13,"Hungaroring",4381,181.784956541588
84,93.0908038861407,89.5008779491833,4656.044,5097.82,5,2005,14,"Istanbul Park",5338,206.430702043395
85,86.1619880823444,85.9949134615385,4500.62885,4491.769,14,2005,15,"Autodromo Nazionale di Monza",5793,242.041768814216
86,126.689364485428,125.782488372093,4604.39095,5420.973,13,2005,16,"Circuit de Spa-Francorchamps",7004,199.025388614213
87,79.512668671183,76.9586785714286,5181.44994444444,5375.6155,18,2005,17,"Autódromo José Carlos Pace",4309,195.093439312797
88,105.881373373493,101.881528301887,4938.61831578947,5371.719,22,2005,18,"Suzuka Circuit",5807,197.439826609139
89,108.739834347466,107.959464285714,5406.90395,6019.363,17,2005,19,"Shanghai International Circuit",5451,180.463765810926
90,91.4747761868711,89.7206527777778,4449.6144,5071.743,1,2004,1,"Albert Park Grand Prix Circuit",5278,207.716277558131
91,100.149895218013,99.4436966783217,5010.77875,5484.1505,2,2004,2,"Sepang International Circuit",5543,199.24933477525
93,85.5274194978746,85.0419262295082,4611.6307,5196.974,21,2004,4,"Autodromo Enzo e Dino Ferrari",4909,206.628471942137
94,81.7252161827705,81.3778,4495.5689,5271.6755,4,2004,5,"Circuit de Barcelona-Catalunya",4657,205.141090878319
95,87.4543082403935,85.2344,4073.25842105263,5982.758,6,2004,6,"Circuit de Monaco",3337,137.365445358944
96,94.6131930888656,94.103609180791,5091.28655555556,5597.0095,20,2004,7,"Nürburgring",5148,195.879659009003
97,78.6337959927911,77.5599565217391,4720.97442105263,5325.212,7,2004,8,"Circuit Gilles Villeneuve",4361,199.654611630848
99,79.0044084557611,78.1916142857143,5089.96455,5450.416,8,2004,10,"Circuit de Nevers Magny-Cours",4411,200.996378688056
100,85.8039690648267,85.1188166666667,4648.49405,5098.978,9,2004,11,"Silverstone Circuit",5891,247.163391520703
101,77.8779037741903,77.3134545454545,4678.3926,5056.452,10,2004,12,"Hockenheimring",4574,211.438664909945
102,84.4689901356457,83.7521544715447,4983.39115,5754.6235,11,2004,13,"Hungaroring",4381,186.714674517512
103,127.097988261943,126.582568181818,4865.5968125,5559.0255,13,2004,14,"Circuit de Spa-Francorchamps",7004,198.385516126615
104,86.8852072981278,86.3246981132075,4124.64768421053,4533.818,14,2004,15,"Autodromo Nazionale di Monza",5793,240.027050041341
105,97.6838802682804,97.3031835380835,4912.97725,5371.28,17,2004,16,"Shanghai International Circuit",5451,200.888825731589
106,97.9361068591737,97.2604118669315,4761.54695,5092.7065,22,2004,17,"Suzuka Circuit",5807,213.457535432365
107,76.9247692004526,75.5973285714286,4682.3166,5302.2275,18,2004,18,"Autódromo José Carlos Pace",4309,201.656763630676
108,101.369996070331,99.1013620689655,4204.9082,5686.4615,1,2003,1,"Albert Park Grand Prix Circuit",5278,187.440078293159
109,102.013913247547,101.52865,4793.94833333333,5554.082,2,2003,2,"Sepang International Circuit",5543,195.608612244662
110,108.271439562943,103.941579573421,4073.03065,5094.1935,18,2003,3,"Autódromo José Carlos Pace",4309,143.273240502007
111,87.1444845865987,87.1190491803279,4791.2011,5297.605,21,2003,4,"Autodromo Enzo e Dino Ferrari",4909,202.794245485935
112,90.8284499893899,89.6810634920635,4821.02770588235,5636.15,4,2003,5,"Circuit de Barcelona-Catalunya",4657,184.58093253775
113,75.7473481067237,74.8221397058824,4465.12494444444,5056.248,70,2003,6,"Red Bull Ring",4318,205.219065598155
114,81.8002327393355,80.5877857142857,5142.06355555556,6164.9345,6,2003,7,"Circuit de Monaco",3337,146.860217846583
115,80.8486262290677,80.1618822463768,4173.53255,5257.758,7,2003,8,"Circuit Gilles Villeneuve",4361,194.185117697838
116,96.8845491703492,96.9518559322034,5259.3444,5705.948,20,2003,9,"Nürburgring",5148,191.287466976951
117,79.6855593567507,79.6080362318841,4985.5903,5467.9625,8,2003,10,"Circuit de Nevers Magny-Cours",4411,199.278264822204
118,90.179609905375,89.6990333333333,5133.1432,5327.9275,9,2003,11,"Silverstone Circuit",5891,235.170677964265
119,92.0035396880263,81.95353125,4276.28076470588,5343.268,10,2003,12,"Hockenheimring",4574,178.975722628018
120,87.0934711763139,86.8463610013175,4836.38295,5952.896,11,2003,13,"Hungaroring",4381,181.08820083737
121,90.3494131282635,86.3324423076923,3700.186,4470.106,14,2003,14,"Autodromo Nazionale di Monza",5793,230.823856823439
123,98.5222999449209,97.5989528301887,4453.66615,5133.171,22,2003,16,"Suzuka Circuit",5807,212.187494726444
124,115.282921597083,107.000614922813,4308.18028571429,5746.1055,1,2002,1,"Albert Park Grand Prix Circuit",5278,164.818862471306
125,104.862067457778,104.471406060606,4375.26218181818,5666.169,2,2002,2,"Sepang International Circuit",5543,190.295694942642
126,81.6331830827322,79.7367779411765,4358.04218181818,5463.789,18,2002,3,"Autódromo José Carlos Pace",4309,190.025666208296
127,88.860345262102,88.4553196721311,4251.32435,5351.2435,21,2002,4,"Autodromo Enzo e Dino Ferrari",4909,198.878362984901
128,86.1538060942348,85.329765625,4094.12410526316,5418.052,4,2002,5,"Circuit de Barcelona-Catalunya",4657,194.596161911434
129,80.6171415733246,80.0393098591549,4074.62328571429,5631.562,70,2002,6,"Red Bull Ring",4318,192.822515120576
130,83.727092697186,83.7243421052632,5130.90172727273,6339.5795,6,2002,7,"Circuit de Monaco",3337,143.480438804293
131,82.5559086475921,81.7119884057971,4740.57404545455,5623.9825,7,2002,8,"Circuit Gilles Villeneuve",4361,190.169307771987
132,97.7841964468899,97.6333050847458,5179.79109090909,5731.089,20,2002,9,"Nürburgring",5148,189.527558372542
133,94.8042326177534,94.5035809322034,4359.0851,5510.514,9,2002,10,"Silverstone Circuit",5891,223.69887308205
134,78.6488626444926,78.5671378881988,4620.60322222222,5530.389,8,2002,11,"Circuit de Nevers Magny-Cours",4411,201.905017645058
135,81.6697416222349,80.9685825629173,4086.68835,4785.011,10,2002,12,"Hockenheimring",4574,201.621796186961
136,80.791392589156,80.5771578947368,5450.08955,6130.1105,11,2002,13,"Hungaroring",4381,195.213864924973
137,112.86057355228,112.715136363636,4127.9497,4881.6225,13,2002,14,"Circuit de Spa-Francorchamps",7004,223.411942774861
138,88.479823072678,87.7349433962264,3581.64385,4595.285,14,2002,15,"Autodromo Nazionale di Monza",5793,235.701194642644
140,104.316934195559,100.6485,3926.57873684211,5219.698,22,2002,17,"Suzuka Circuit",5807,200.400828122593
141,104.676235485114,104.4815,4561.271,5930.501,1,2001,1,"Albert Park Grand Prix Circuit",5278,181.519710867918
142,118.560521704127,118.236981818182,4605.78642857143,6460.354,2,2001,2,"Sepang International Circuit",5543,168.308975982731
143,86.3608709667084,85.0272037037037,4559.72171428571,5326.325,18,2001,3,"Autódromo José Carlos Pace",4309,179.623014756069
144,90.6278398021565,90.3475,4162.56259090909,5446.993,21,2001,4,"Autodromo Enzo e Dino Ferrari",4909,194.999682642546
145,86.2453814393364,85.4670518707483,4526.17218181818,5498.411,4,2001,5,"Circuit de Barcelona-Catalunya",4657,194.389539708771
146,96.9080421788441,76.8712173913043,3766.16823809524,5265.927,70,2001,6,"Red Bull Ring",4318,160.407739651906
147,87.7695128244401,84.3762467532467,4585.50680952381,4936.011,6,2001,7,"Circuit de Monaco",3337,136.872128070589
148,85.2107174759739,83.7762058823529,3833.76628571429,5272.703,7,2001,8,"Circuit Gilles Villeneuve",4361,184.244429163816
149,82.2307666820423,82.1082611268939,4676.12409090909,5392.3135,20,2001,9,"Nürburgring",5148,225.37549809866
150,79.6326630110614,79.5387323943662,5028.93176190476,5632.742,8,2001,10,"Circuit de Nevers Magny-Cours",4411,199.410636283685
151,88.5877258682031,87.9044915254237,4557.48073684211,5167.416,9,2001,11,"Silverstone Circuit",5891,239.39659577165
152,106.798874651989,105.991366666667,3488.929,4168.2185,10,2001,12,"Hockenheimring",4574,154.181399885128
153,82.8615029807978,81.6604,5121.1049047619,6113.038,11,2001,13,"Hungaroring",4381,190.336880609743
154,123.608365544746,115.277,3497.12594117647,4105.741,13,2001,14,"Circuit de Spa-Francorchamps",7004,203.986193724667
155,89.9871794065745,89.334,3690.00952380952,4632.687,14,2001,15,"Autodromo Nazionale di Monza",5793,231.753013457341
157,102.015461377319,101.734585106383,4641.12286363636,5266.1555,22,2001,17,"Suzuka Circuit",5807,204.921878681497
158,102.540421579067,99.0940742236025,3912.98736363636,4382.893,1,2000,1,"Albert Park Grand Prix Circuit",5278,185.300583978474
159,79.730965239835,79.1997178571429,3839.8567,5495.3765,18,2000,2,"Autódromo José Carlos Pace",4309,194.559290149541
160,91.5275271707968,91.0681229508197,4413.65063636364,5511.9535,21,2000,3,"Autodromo Enzo e Dino Ferrari",4909,193.082895892315
161,90.6310529174064,90.7748728813559,4806.127,5352.5465,9,2000,4,"Silverstone Circuit",5891,233.999267550459
162,89.2804771193806,88.1172,4772.80180952381,5651.456,4,2000,5,"Circuit de Barcelona-Catalunya",4657,187.781254546641
163,93.409452882903,93.2144739057239,4854.1842,5804.0515,20,2000,6,"Nürburgring",5148,198.403902688869
164,85.821601715628,85.3612857142857,4637.95671428571,5198.08,6,2000,7,"Circuit de Monaco",3337,139.978743810982
165,87.6165541933904,88.2503768115942,5181.05786363636,6073.015,7,2000,8,"Circuit Gilles Villeneuve",4361,179.185316570968
166,83.5764527627763,83.6519375,4915.33745454545,5902.501,8,2000,9,"Circuit de Nevers Magny-Cours",4411,190.000885118596
167,78.0160981804837,76.1937571428571,4379.65010526316,5308.353,70,2000,10,"Red Bull Ring",4318,199.251184852111
168,113.894725911949,114.416177777778,4478.02995,5138.144,10,2000,11,"Hockenheimring",4574,144.575614613886
169,85.9974336203799,84.2540328947368,5671.556,6351.301,11,2000,12,"Hungaroring",4381,183.396170513888
170,125.65282871346,122.773659090909,4645.26009090909,5335.1825,13,2000,13,"Circuit de Spa-Francorchamps",7004,200.667189574373
171,117.22379584647,101.261105769231,4308.4513125,5265.5775,14,2000,14,"Autodromo Nazionale di Monza",5793,177.905858186967
173,104.640342397346,104.330086538462,4779.422,5403.346,22,2000,16,"Suzuka Circuit",5807,199.781456377671
174,105.953638335767,104.934290909091,5052.59605263158,5760.705,2,2000,17,"Sepang International Circuit",5543,188.335203145768
175,102.373000860681,102.080446428571,3977.01942105263,4372.948,1,1999,1,"Albert Park Grand Prix Circuit",5278,185.603624395636
176,83.7200025104951,82.7789259259259,4050.27671428571,4089.488,18,1999,2,"Autódromo José Carlos Pace",4309,185.289053211093
177,93.4110228515931,92.8736205483324,4351.93835,5381.331,21,1999,3,"Autodromo Enzo e Dino Ferrari",4909,189.189663708929
178,86.9714527920502,86.3916984425349,4389.10490909091,4288.9095,6,1999,4,"Circuit de Monaco",3337,138.128082426353
179,89.0204182065408,88.5163125,4714.65980952381,5664.028,4,1999,5,"Circuit de Barcelona-Catalunya",4657,188.329827445904
180,91.9010073875187,89.4730294117647,4508.78,6095.728,7,1999,6,"Circuit Gilles Villeneuve",4361,170.831642071121
181,95.7389928363603,99.2888402777778,4826.30754545455,7109.889,8,1999,7,"Circuit de Nevers Magny-Cours",4411,165.863453641526
182,94.6379358954578,93.746125,5011.83485,5590.772,9,1999,8,"Silverstone Circuit",5891,224.09195423944
183,76.27397987775,75.8959785714286,4448.31022727273,5300.646,70,1999,9,"Red Bull Ring",4318,203.802135733769
184,111.285746871637,111.003966666667,3556.61755,4661.337,10,1999,10,"Hockenheimring",4574,147.965040114195
185,84.6818197851506,84.3256907894737,5594.41709090909,6407.148,11,1999,11,"Hungaroring",4381,186.245407101722
186,119.384706144144,118.983,4818.29452380952,5188.005,13,1999,12,"Circuit de Spa-Francorchamps",7004,211.20293222112
187,90.1145713441212,88.2803461538462,3424.77271428571,4590.578,14,1999,13,"Autodromo Nazionale di Monza",5793,231.425392019695
188,95.4142973476438,94.2724857142857,5007.63763157895,5755.3,20,1999,14,"Nürburgring",5148,194.235041447461
189,107.834728106685,105.184862689394,4158.21065,5799.014,2,1999,15,"Sepang International Circuit",5543,185.049847580252
190,106.430881569783,106.466557692308,4682.56066666667,5491.101,22,1999,16,"Suzuka Circuit",5807,196.420434479754
191,101.520635680821,97.7622105263158,3324.04233333333,4021.687,1,1998,1,"Albert Park Grand Prix Circuit",5278,187.161948628239
192,83.5926657616538,83.4598571428571,4533.67438095238,5831.747,18,1998,2,"Autódromo José Carlos Pace",4309,185.571304116921
194,94.6771300369327,94.5798333333333,4036.64619047619,5223.371,21,1998,4,"Autodromo Enzo e Dino Ferrari",4909,186.659650467923
195,88.7329589188862,88.7437608695652,4890.85719047619,5627.986,4,1998,5,"Circuit de Barcelona-Catalunya",4657,188.939940742037
196,87.5781381180491,87.8970043290043,5148.1388,6689.3325,6,1998,6,"Circuit de Monaco",3337,137.171219417876
197,92.8361325523018,90.2847352941177,4766.10088235294,6074.018,7,1998,7,"Circuit Gilles Villeneuve",4361,169.110879227495
198,82.4413801138392,82.5347753623188,5126.54572727273,5693.374,8,1998,8,"Circuit de Nevers Magny-Cours",4411,192.616862770524
199,107.20212491591,107.866439189189,4718.06372727273,4686.0735,9,1998,9,"Silverstone Circuit",5891,197.828168206884
200,82.9858900612477,78.5560714285714,3914.2732,5453.132,70,1998,10,"Red Bull Ring",4318,187.318591010197
201,109.882865130453,109.021755555556,4378.41728571429,4860.598,10,1998,11,"Hockenheimring",4574,149.854119479421
202,84.4088499633907,83.8856842105263,5332.62123809524,6334.984,11,1998,12,"Hungaroring",4381,186.847706216118
203,144.091880357776,141.696545454545,4516.71946666667,6227.408,13,1998,13,"Circuit de Spa-Francorchamps",7004,174.988347278093
204,91.08900265055,89.59959375,3588.40427272727,4631.458,14,1998,14,"Autodromo Nazionale di Monza",5793,228.949701864741
205,85.462968060394,84.8749802494802,4840.39322727273,5549.6485,20,1998,15,"Nürburgring",5148,216.851818051808
206,105.746123792488,105.15346,4045.31733333333,5242.536,22,1998,16,"Suzuka Circuit",5807,197.69235268636
207,97.5812097557752,96.1921734693878,4163.4635,5288.5985,1,1997,1,"Albert Park Grand Prix Circuit",5278,194.717815525703
208,81.603128673839,81.3752394366197,5283.21071428571,5780.559,18,1997,2,"Autódromo José Carlos Pace",4309,190.095652606676
210,91.6538030453601,90.1540327868853,3856.597,5460.673,21,1997,4,"Autodromo Enzo e Dino Ferrari",4909,192.816876253938
211,122.51646747604,120.139923076923,4391.08242857143,4685.457,6,1997,5,"Circuit de Monaco",3337,98.0537575681353
212,86.5223659478648,86.3594308426073,4669.73540909091,5451.981,4,1997,6,"Circuit de Barcelona-Catalunya",4657,193.767239445372
213,87.6046412464016,87.0637391304348,3652.88273684211,4660.646,7,1997,7,"Circuit Gilles Villeneuve",4361,179.209683147294
214,83.7712887872079,83.496924863388,4523.47395454545,5925.5275,8,1997,8,"Circuit de Nevers Magny-Cours",4411,189.558979334037
215,91.3327635675489,91.2115,4668.34775,5227.442,9,1997,9,"Silverstone Circuit",5891,232.201448544969
216,119.546129754585,110.665295454545,3430.48328571429,4371.576,10,1997,10,"Hockenheimring",4574,137.740971069525
217,84.0367122059,83.1906623376623,4915.247,6347.948,11,1997,11,"Hungaroring",4381,187.675119433013
218,136.592449016511,130.542182082452,4753.89713636364,5633.15,13,1997,12,"Circuit de Spa-Francorchamps",7004,184.595855638786
219,89.1073570322002,88.4457641509434,3817.54272727273,4629.716,14,1997,13,"Autodromo Nazionale di Monza",5793,234.041281153293
220,75.8211584073248,74.8292931034483,4552.73680952381,5258.908,70,1997,14,"Red Bull Ring",4318,205.019289160561
221,88.7609674699361,82.5732611940298,3840.8776,4854.206,20,1997,15,"Nürburgring",5148,208.794479468435
222,103.938573987732,103.216622641509,4454.04809523809,5399.069,22,1997,16,"Suzuka Circuit",5807,201.130333022151
224,100.124388207874,98.4111578947368,4231.847,5571.827,1,1996,1,"Albert Park Grand Prix Circuit",5278,189.771946077227
225,98.3102419287481,96.5352028985507,5083.28914285714,6592.976,18,1996,2,"Autódromo José Carlos Pace",4309,157.790273888685
227,86.1640274219756,84.9936810207336,4706.56675,5627.843,20,1996,4,"Nürburgring",5148,215.087439091471
228,93.4090361532681,92.8327631578947,4632.90647619048,5269.134,21,1996,5,"Autodromo Enzo e Dino Ferrari",4909,189.193687546488
229,105.453930206312,99.724087254902,4877.533875,6470.9165,6,1996,6,"Circuit de Monaco",3337,113.918940493703
230,120.776098153372,113.39196875,3968.30252941176,4948.906,4,1996,7,"Circuit de Barcelona-Catalunya",4657,138.812234012644
231,86.5695295860949,85.9317517198249,3578.05186363636,3543.525,7,1996,8,"Circuit Gilles Villeneuve",4361,181.352492904406
232,83.3722486844757,82.5594,4262.48223809524,5796.922,8,1996,9,"Circuit de Nevers Magny-Cours",4411,190.466255265547
233,95.5189543885973,93.9739083333333,4055.4228,5589.33,9,1996,10,"Silverstone Circuit",5891,222.025043466469
234,111.595794644061,111.090791812865,4246.74255555556,4921.801,10,1996,11,"Hockenheimring",4574,147.553947283769
235,85.8977800030098,85.0051710526316,4415.88115789474,5851.955,11,1996,12,"Hungaroring",4381,183.60893610344
236,123.013208468338,121.94081541769,4600.8725,5301.3505,13,1996,13,"Circuit de Spa-Francorchamps",7004,204.973110724853
237,91.744782420037,90.5280384615385,2829.6327,3964.367,14,1996,14,"Autodromo Nazionale di Monza",5793,227.313199180309
239,108.859709009824,108.435817307692,4928.32338888889,5580.141,22,1996,16,"Suzuka Circuit",5807,192.037992661852
338,107.193101480417,98.0496034482759,4644.4794,5631.927,1,2010,2,"Albert Park Grand Prix Circuit",5278,177.257675518151
339,105.052128071137,101.916964285714,4708.31252173913,5649.471,2,2010,3,"Sepang International Circuit",5543,189.951411422027
340,124.383929224109,115.437044642857,5816.89025,6452.049,17,2010,4,"Shanghai International Circuit",5451,157.766361960178
341,89.7311837857493,88.8738076923077,5358.376,5780.7375,4,2010,5,"Circuit de Barcelona-Catalunya",4657,186.838056656315
342,87.8780214204177,84.903717948718,5152.25452173913,6613.355,6,2010,6,"Circuit de Monaco",3337,136.703123327363
343,94.023775645934,93.0084827586207,5058.056,5359.308,5,2010,7,"Istanbul Park",5338,204.38234763476
344,84.0845183861453,82.4207028985507,4982.02533333333,5675.591,7,2010,8,"Circuit Gilles Villeneuve",4361,186.712135614573
346,99.6417827383351,98.6865480769231,4690.21175,5117.033,9,2010,10,"Silverstone Circuit",5891,212.838423974131
347,86.6649719377572,79.9750227272727,4653.08883333333,5273.5725,10,2010,11,"Hockenheimring",4574,190.000638456632
348,90.0823814077754,88.3628043478261,5118.95579166667,6077.015,11,2010,12,"Hungaroring",4381,175.079740938539
349,123.880194427246,122.25225,4916.65704347826,5345.839,13,2010,13,"Circuit de Spa-Francorchamps",7004,203.538589171397
350,88.4926819085177,87.7387358490566,4435.01140909091,4611.957,14,2010,14,"Autodromo Nazionale di Monza",5793,235.66694499732
351,119.793466652194,118.134139344262,5962.05829166667,7078.6825,15,2010,15,"Marina Bay Street Circuit",4940,148.455508442991
352,106.850383901194,103.776018867925,5130.11015789474,5470.19,22,2010,16,"Suzuka Circuit",5807,195.649273654751
354,80.9254859859361,80.3605285714286,5556.749375,5626.3075,18,2010,18,"Autódromo José Carlos Pace",4309,191.68744939877
355,110.574877876814,109.662827272727,5962.32295454545,6020.4955,24,2010,19,"Yas Marina Circuit",5281,171.934171351109
841,96.1503461408427,94.899649122807,4707.05145454545,5401.425,1,2011,1,"Albert Park Grand Prix Circuit",5278,197.615513231406
842,107.4744249546,106.550280032468,5021.69958333333,5878.634,2,2011,2,"Sepang International Circuit",5543,185.670218830474
843,105.7527309614,105.351607142857,5652.76991666667,5846.4815,17,2011,3,"Shanghai International Circuit",5451,185.561165386478
844,95.4426484374564,94.8793448275862,5400.49026086956,5452.155,5,2011,4,"Istanbul Park",5338,201.343951730266
845,92.884859156107,92.5281615384615,5762.05775,5972.7925,4,2011,5,"Circuit de Barcelona-Catalunya",4657,180.494433132784
846,97.8360361262079,101.232597402597,6918.36882608696,7795.85,6,2011,6,"Circuit de Monaco",3337,122.789112025175
849,106.661269696293,104.081496794872,4701.18658333333,5359.332,9,2011,9,"Silverstone Circuit",5891,198.831310187722
850,100.438217728626,99.8566271186441,5316.88191666667,5878.6425,20,2011,10,"Nürburgring",5148,184.51940326215
851,95.5289153792996,94.211943627451,5878.76358333333,6451.377,11,2011,11,"Hungaroring",4381,165.097655902179
852,120.658116714447,120.201977272727,4653.45995652174,5252.357,13,2011,12,"Circuit de Spa-Francorchamps",7004,208.973923069537
853,101.054703415824,93.8994038461538,4034.77895238095,4859.687,14,2011,13,"Autodromo Nazionale di Monza",5793,206.371393859677
854,120.735597237483,119.327275,6708.403125,7167.874,15,2011,14,"Marina Bay Street Circuit",4940,147.297072337493
855,104.487116507584,103.996481132075,5315.898125,5499.433,22,2011,15,"Suzuka Circuit",5807,200.074427343228
858,111.546985773636,108.321740740741,5304.03916666667,5870.787,24,2011,18,"Yas Marina Circuit",5281,170.435802170222
859,80.1358701059424,79.7030357142857,5172.547,5571.4025,18,2011,19,"Autódromo José Carlos Pace",4309,193.576234706032
860,98.6254118533205,98.0866034482759,4895.36219047619,5653.64,1,2012,1,"Albert Park Grand Prix Circuit",5278,192.656229697258
861,177.738229723564,177.9998125,9493.217,9937.5105,2,2012,2,"Sepang International Circuit",5543,112.270725499155
862,104.83075833321,104.097410714286,5637.88358333333,5826.822,17,2012,3,"Shanghai International Circuit",5451,187.193151246939
864,92.1397252579678,91.6697538461538,5198.37808333333,5962.254,4,2012,5,"Circuit de Barcelona-Catalunya",4657,181.95409149595
865,83.6384452207967,82.3104444444444,5686.00447619048,6370.658,6,2012,6,"Circuit de Monaco",3337,143.632512157375
866,80.5182290132129,79.9461428571429,5142.86241666667,5564.6535,7,2012,7,"Circuit Gilles Villeneuve",4361,194.981933810587
868,101.882117122732,99.2143076923077,4760.411,5147.751,9,2012,9,"Silverstone Circuit",5891,208.158218526734
869,83.0629473433322,82.6864253731343,5466.71466666667,5494.295,10,2012,10,"Hockenheimring",4574,198.240015875404
870,89.4784386595825,88.8224565217391,6040.63758333333,6099.6815,11,2012,11,"Hungaroring",4381,176.261457355134
871,126.537337824415,123.022204545455,5084.18075,5403.152,13,2012,12,"Circuit de Spa-Francorchamps",7004,199.264505113802
872,91.5764212951595,91.1251698113207,4533.029375,4812.291,14,2012,13,"Autodromo Nazionale di Monza",5793,227.731109220604
873,123.420611729095,123.265110169492,6590.439125,7260.0245,15,2012,14,"Marina Bay Street Circuit",4940,144.092625622659
874,102.758673306167,102.1105,5070.32595454545,5385.655,22,2012,15,"Suzuka Circuit",5807,203.43976160254
877,116.548056368944,116.111454545455,5481.09808695652,6378.743,24,2012,18,"Yas Marina Circuit",5281,163.122411409564
878,104.967750484257,104.293919642857,5460.51279166667,5822.638,69,2012,19,"Circuit of the Americas",5513,189.07521508691
879,89.7000576167425,89.4733450704225,5698.20122727273,6329.136,18,2012,20,"Autódromo José Carlos Pace",4309,172.936343767795
880,95.0507716972265,94.5964137931035,5082.59071428571,5448.786,1,2013,1,"Albert Park Grand Prix Circuit",5278,199.90158586534
881,109.265418436293,107.808095616883,5350.05963636364,5951.9035,2,2013,2,"Sepang International Circuit",5543,182.626857477644
882,105.105486516135,104.556732142857,4991.82563636364,5825.001,17,2013,3,"Shanghai International Circuit",5451,186.7038596219
884,92.4119916302448,91.7713153846154,5528.09040909091,5984.1925,4,2013,5,"Circuit de Barcelona-Catalunya",4657,181.418014093672
885,104.579276918239,106.403480769231,7256.01327272727,8289.7415,6,2013,6,"Circuit de Monaco",3337,114.871706460469
886,81.0789104488178,80.6770579710145,5372.87422727273,5555.9155,7,2013,7,"Circuit Gilles Villeneuve",4361,193.633583790086
887,107.817513603268,107.689961538462,5434.39418181818,5595.895,9,2013,8,"Silverstone Circuit",5891,196.69902682079
888,102.134500203943,102.051125,5490.50363636364,6111.3905,20,2013,9,"Nürburgring",5148,181.454845943276
890,89.6922702614001,89.6252826086956,5674.24472727273,6168.469,11,2013,10,"Hungaroring",4381,175.841239763862
891,116.463019234705,116.057590909091,4701.23436363636,5063.363,13,2013,11,"Circuit de Spa-Francorchamps",7004,216.501342363331
892,89.9855186803314,89.6612641509434,4578.84033333333,4746.879,14,2013,12,"Autodromo Nazionale di Monza",5793,231.757290571226
893,118.829322699549,118.64912295082,6847.15513636364,7200.6695,15,2013,13,"Marina Bay Street Circuit",4940,149.660029999207
895,100.583341216566,100.060726415094,5030.2304,5242.0795,22,2013,15,"Suzuka Circuit",5807,207.839586030344
897,108.950135120598,108.765363636364,5939.70980952381,5947.945,24,2013,17,"Yas Marina Circuit",5281,174.498177344671
898,107.88606470888,107.824142857143,6010.25823809524,6013.681,69,2013,18,"Circuit of the Americas",5513,183.960737223613
899,79.7995813677272,79.4517,5210.64031818182,5575.717,18,2013,19,"Autódromo José Carlos Pace",4309,194.391997227614
900,101.485348338265,99.1835175438597,4752.3417,5604.361,1,2014,1,"Albert Park Grand Prix Circuit",5278,187.227026473494
901,111.329809031009,110.137018181818,5136.83528571429,6043.287,2,2014,2,"Sepang International Circuit",5543,179.240404467432
903,106.574516747562,106.049972727273,5488.10322727273,5844.921,17,2014,4,"Shanghai International Circuit",5451,184.130321195652
904,94.0070822091817,93.8122384615385,5807.52031818182,6098.4145,4,2014,5,"Circuit de Barcelona-Catalunya",4657,178.339754899472
905,88.1883764258323,85.9882337662338,5511.2341,6587.4315,6,2014,6,"Circuit de Monaco",3337,136.222033865237
906,88.6155258096625,85.4495714285714,5064.2057,5954.948,7,2014,7,"Circuit Gilles Villeneuve",4361,177.165342715691
907,75.7278639068853,75.2810123742455,4993.02827272727,5305.2645,70,2014,8,"Red Bull Ring",4318,205.271866893193
908,205.409689167594,172.924058823529,8311.3574,8851.5895,9,2014,9,"Silverstone Circuit",5891,103.245373117218
909,85.6580241205991,85.4797575757576,5335.8090952381,5651.018,10,2014,10,"Hockenheimring",4574,192.234179681949
910,101.467420349956,97.9767857142857,5508.95145454545,6809.315,11,2014,11,"Hungaroring",4381,155.435113513328
911,118.454529610305,116.940102272727,4575.28272727273,5130.977,13,2014,12,"Circuit de Spa-Francorchamps",7004,212.861425248583
912,91.4476149613335,90.9836037735849,4496.52804545455,4795.7835,14,2014,13,"Autodromo Nazionale di Monza",5793,228.051874385329
913,121.156317702905,121.1076,6582.59357142857,7256.596,15,2014,14,"Marina Bay Street Circuit",4940,146.785576989962
914,157.366651033409,156.026127906977,6440.19859090909,6741.9545,22,2014,15,"Suzuka Circuit",5807,132.843902203662
916,111.391078227655,109.065267857143,5456.036,6030.345,69,2014,17,"Circuit of the Americas",5513,178.172258638508
917,77.1890999525166,77.2084468812877,5275.8685,5427.511,18,2014,18,"Autódromo José Carlos Pace",4309,200.966198719023
918,109.835101507012,109.667581818182,5551.5783,5976.2595,24,2014,19,"Yas Marina Circuit",5281,173.092205853576
926,97.1926533630994,97.5657894736842,5248.82269230769,5548.59,1,2015,1,"Albert Park Grand Prix Circuit",5278,195.496257613376
927,110.925452392724,110.488309090909,5484.91478947368,6078.103,2,2015,2,"Sepang International Circuit",5543,179.893789653896
928,107.960105010083,107.310339285714,5464.45355,5987.4055,17,2015,3,"Shanghai International Circuit",5451,181.767144429577
930,94.4606187149768,94.4353230769231,5860.13745,6134.4105,4,2015,5,"Circuit de Barcelona-Catalunya",4657,177.483487066572
931,84.5006004122574,84.3367243589744,6039.8136,6573.958,6,2015,6,"Circuit de Monaco",3337,142.167037173589
932,80.4692574163641,80.2593260869565,5350.36095,5543.222,7,2015,7,"Circuit Gilles Villeneuve",4361,195.100594985823
933,82.0747734176562,77.6415142857143,4614.22972222222,5433.9435,70,2015,8,"Red Bull Ring",4318,189.398025150758
934,109.9584729366,107.36187688537,4866.822625,5509.4515,9,2015,9,"Silverstone Circuit",5891,192.86917536794
936,93.5014854188338,93.3052753623188,6110.8741,6416.65,11,2015,10,"Hungaroring",4381,168.677534152021
937,121.87190274071,118.172720930233,4621.14821052632,5074.384,13,2015,11,"Circuit de Spa-Francorchamps",7004,206.892642462842
938,93.0567004795127,90.1521730769231,4225.1578,4700.49,14,2015,12,"Autodromo Nazionale di Monza",5793,224.108526226882
939,121.077052716416,120.550336065574,6462.3484,7303.8765,15,2015,13,"Marina Bay Street Circuit",4940,146.881672464008
940,102.019687570271,102.014471153846,5313.7534,5322.3885,22,2015,14,"Suzuka Circuit",5807,204.913389737648
942,125.8542748807,119.764223214286,5032.9691,6655.8185,69,2015,16,"Circuit of the Americas",5513,157.696669571322
944,78.8046164774684,78.8326714285714,5502.54252631579,5495.634,18,2015,18,"Autódromo José Carlos Pace",4309,196.846335829009
945,109.710936144836,109.319018181818,5963.35215789474,5953.91,24,2015,19,"Yas Marina Circuit",5281,173.288102973632
948,115.039069146957,115.275754385965,5599.03457142857,6519.895,1,2016,1,"Albert Park Grand Prix Circuit",5278,165.168234938753
950,107.726413857733,107.672482142857,5988.29668181818,5992.4325,17,2016,3,"Shanghai International Circuit",5451,182.161452305611
952,94.1822738916639,93.9935923076923,5799.18485,6142.607,4,2016,5,"Circuit de Barcelona-Catalunya",4657,178.008018996066
953,100.359368323756,94.1046428571429,5904.72890909091,7182.369,6,2016,6,"Circuit de Monaco",3337,119.701829541671
954,79.9484991066815,79.9684782608696,4970.10781818182,5487.6945,7,2016,7,"Circuit Gilles Villeneuve",4361,196.371416292016
956,75.2054872051457,75.1500357142857,4823.80886363636,5263.9785,70,2016,9,"Red Bull Ring",4318,206.697683609134
957,118.616007313732,111.741333333333,5003.86727272727,5709.437,9,2016,10,"Silverstone Circuit",5891,178.792057499518
958,87.8655218584272,87.9945942028986,6033.59890909091,6070.6185,11,2016,11,"Hungaroring",4381,179.49702757598
959,82.8580279584459,82.8393939393939,5329.34518181818,5462.62,10,2016,12,"Hockenheimring",4574,198.730290905041
960,142.185736526393,144.329613636364,5194.40738095238,6331.718,13,2016,13,"Circuit de Spa-Francorchamps",7004,177.334243335438
961,97.4913515182561,89.4605865384615,4192.62386363636,4674.034,14,2016,14,"Autodromo Nazionale di Monza",5793,213.914359327502
962,116.176572034735,115.990061338798,6770.10015,6989.3945,15,2016,15,"Marina Bay Street Circuit",4940,153.077334685713
963,106.396044715274,105.861464285714,5245.49328571429,5864.261,2,2016,16,"Sepang International Circuit",5543,187.552084792258
964,99.9389634021639,100.214896044993,5246.34754545455,5238.865,22,2016,17,"Suzuka Circuit",5807,209.179676157691
965,109.138606766874,107.6285,5266.60386363636,5920.0065,69,2016,18,"Circuit of the Americas",5513,181.849490184475
967,149.98600661655,153.405929577465,9453.47504761905,10890.495,18,2016,20,"Autódromo José Carlos Pace",4309,103.425648498387
968,109.247218614692,108.544690909091,4970.35463636364,5908.6515,24,2016,21,"Yas Marina Circuit",5281,174.023652419497
969,91.6968638756074,91.3823509615385,4291.08735,5065.2505,1,2017,1,"Albert Park Grand Prix Circuit",5278,207.21319352618
970,110.492274179209,107.030327272727,5102.79005263158,5899.297,17,2017,2,"Shanghai International Circuit",5451,177.601557627207
973,93.2986588387,89.8437692307692,5223.11236842105,5787.995,4,2017,5,"Circuit de Barcelona-Catalunya",4657,179.693901377346
974,80.6814406147707,80.7860961538462,5709.14295,6288.971,6,2017,6,"Circuit de Monaco",3337,148.896696792505
975,81.6228385233647,81.1925138339921,5282.23794444444,5614.011,7,2017,7,"Circuit Gilles Villeneuve",4361,192.343225058339
977,71.8975864278749,70.6221,4438.03573684211,4924.589,70,2017,9,"Red Bull Ring",4318,216.20753591769
978,97.8518211492375,97.84651,4829.28577777778,4920.631,9,2017,10,"Silverstone Circuit",5891,216.731786398288
979,87.4307658862486,87.0542028985507,5751.76573684211,5999.989,11,2017,11,"Hungaroring",4381,180.389589867251
980,116.827628963203,116.368670454545,4537.1252,5112.64,13,2017,12,"Circuit de Spa-Francorchamps",7004,215.825658911058
981,87.5060759396614,87.6133269230769,4375.55155,4563.352,14,2017,13,"Autodromo Nazionale di Monza",5793,238.324022372802
982,133.379107816816,128.393551724138,6469.67394117647,7426.366,15,2017,14,"Marina Bay Street Circuit",4940,133.334225210328
983,98.5193015258016,99.0466909090909,5307.35489473684,5447.568,2,2017,15,"Sepang International Circuit",5543,202.547111996871
984,102.096617908384,100.775037735849,4685.53163157895,5258.999,22,2017,16,"Suzuka Circuit",5807,204.758986421658
985,103.198832126623,102.746864935065,4772.94965,5644.7645,69,2017,17,"Circuit of the Americas",5513,192.316129853565
987,78.6504673416029,78.2501690140845,5391.65511764706,5519.202,18,2017,19,"Autódromo José Carlos Pace",4309,197.232140180743
988,104.883171432063,104.95287962963,5406.20445,5714.011,24,2017,20,"Yas Marina Circuit",5281,181.264541684026
989,93.377601198774,93.2204827586207,4369.14,5398.464,1,2018,1,"Albert Park Grand Prix Circuit",5278,203.48348807497
991,103.183510819328,103.182178571429,5752.1724,5774.0585,17,2018,3,"Shanghai International Circuit",5451,190.181549786191
993,89.6606953239025,89.540640625,5332.96258823529,5748.205,4,2018,5,"Circuit de Barcelona-Catalunya",4657,186.984942950031
994,79.8564393775961,79.6490071428571,6041.23875,6198.806,6,2018,6,"Circuit de Monaco",3337,150.43495670019
995,79.6050151211781,79.7896119402985,5223.00883333333,5336.234,7,2018,7,"Circuit Gilles Villeneuve",4361,197.218730203134
997,70.7635433223205,70.8400428571429,4382.65865,4938.2355,70,2018,9,"Red Bull Ring",4318,219.672436825204
998,104.521764000388,101.516519230769,4544.24485,5258.9755,9,2018,10,"Silverstone Circuit",5891,202.90128283638
999,83.0769372466401,83.2984776119403,5200.6925,5577.585,10,2018,11,"Hockenheimring",4574,198.206632860264
1000,85.098497432291,85.3774637681159,5506.14689473684,5886.427,11,2018,12,"Hungaroring",4381,185.333472104472
1001,118.69690104509,116.372,4745.24023529412,5045.848,13,2018,13,"Circuit de Spa-Francorchamps",7004,212.42677591407
1002,89.3373470767799,88.7543269230769,4315.06705263158,4630.635,14,2018,14,"Autodromo Nazionale di Monza",5793,233.438765336031
1003,111.655652431718,112.017583333333,6727.91273684211,6725.593,15,2018,15,"Marina Bay Street Circuit",4940,159.275411613179
1005,102.109207986364,101.010182692308,4925.79855,5280.535,22,2018,17,"Suzuka Circuit",5807,204.733739613294
1006,106.239177289834,102.848419642857,4791.6534,5686.691,69,2018,18,"Circuit of the Americas",5513,186.812440629651
1008,75.1051315445845,75.1884285714286,4936.92305,5254.036,18,2018,20,"Autódromo José Carlos Pace",4309,206.542478269829
1009,112.649150658569,111.216203703704,5480.20931578947,6005.675,24,2018,21,"Yas Marina Circuit",5281,168.768249816838
1010,90.628439499837,90.0934649122807,4692.849,5149.028,1,2019,1,"Albert Park Grand Prix Circuit",5278,209.656042902892
1012,101.069818992597,101.112090909091,5276.9194,5552.416,17,2019,3,"Shanghai International Circuit",5451,194.158851728401
1014,87.4765119988345,87.6233636363636,5577.41525,5783.142,4,2019,5,"Circuit de Barcelona-Catalunya",4657,191.653732149533
1015,80.9907710145118,80.4139038461538,5999.72795,6227.309,6,2019,6,"Circuit de Monaco",3337,148.328011321778
1016,78.1655912996282,78.0098985507246,5110.55035,5380.355,7,2019,7,"Circuit Gilles Villeneuve",4361,200.850524367167
1018,70.5955912139332,70.6335714285714,4944.63835,4942.644,70,2019,9,"Red Bull Ring",4318,220.195053723581
1019,96.1836939039718,94.9649711538462,4341.3619,4903.9595,9,2019,10,"Silverstone Circuit",5891,220.490596058551
1020,99.3408668278759,98.2668203125,5188.30665,6279.9105,10,2019,11,"Hockenheimring",4574,165.756556448523
1021,83.5613198906701,83.7078913043478,5671.64005,5752.444,11,2019,12,"Hungaroring",4381,188.742830063422
1022,120.458201194053,116.701772727273,4804.06815789474,5052.132,13,2019,13,"Circuit de Spa-Francorchamps",7004,209.320741552339
1023,87.1677635218512,87.1217115384615,4313.9399,4557.924,14,2019,14,"Autodromo Nazionale di Monza",5793,239.248997076449
1024,116.666927328472,116.881959016393,6786.65675,7128.825,15,2019,15,"Marina Bay Street Circuit",4940,152.433945139651
1026,96.7194990693816,96.7076470588235,4764.44315,4932.09,22,2019,17,"Suzuka Circuit",5807,216.142558647907
1028,102.800454782425,102.788863636364,5288.0379,5653.3875,69,2019,19,"Circuit of the Americas",5513,193.061402714661
1029,78.5079144836743,78.9443521126761,5426.1456,5605.049,18,2019,20,"Autódromo José Carlos Pace",4309,197.59026974568
1030,105.038746028842,105.134935185185,5644.28895,5678.4155,24,2019,21,"Yas Marina Circuit",5281,180.996067820343
1031,75.9951889777038,76.8990774647887,4362.36655,5456.0835,70,2020,1,"Red Bull Ring",4318,204.549790705313
1032,74.4830322919838,71.4981142857143,4374.76375,5006.5915,70,2020,2,"Red Bull Ring",4318,208.702566499471
1033,84.5104890523969,84.1118115942029,5587.38455,5815.392,11,2020,3,"Hungaroring",4381,186.622988185781
1034,102.924823899269,102.368076923077,4826.30068421053,5313.953,9,2020,4,"Silverstone Circuit",5891,206.049417395706
1035,93.4055827992915,93.3105480769231,4785.9551,4814.1925,9,2020,5,"Silverstone Circuit",5891,227.048527126805
1036,85.3592652287871,85.3330692307692,5433.92895,5545.3025,4,2020,6,"Circuit de Barcelona-Catalunya",4657,196.407501342291
1037,115.670572567783,115.821181818182,4670.05168421053,5096.132,13,2020,7,"Circuit de Spa-Francorchamps",7004,217.984569802525
1038,118.808008996847,121.585358490566,5594.4504,6438.874,14,2020,8,"Autodromo Nazionale di Monza",5793,175.533620806266
1041,96.3220057945919,96.3557666666667,4895.9265,5771.9765,20,2020,11,"Nürburgring",5148,192.404631185956
1043,83.9082944221563,84.6319285714286,4745.92305,5331.8115,21,2020,13,"Autodromo Enzo e Dino Ferrari",4909,210.615650356177
1044,108.879415305231,107.636218542045,5820.1051,6172.222,5,2020,14,"Istanbul Park",5338,176.496171899233
1047,107.031492415587,107.100881818182,5582.10455,5816.453,24,2020,17,"Yas Marina Circuit",5281,177.626225430744
1053,116.386397201668,117.578031746032,6933.79842105263,7381.634,21,2021,2,"Autodromo Enzo e Dino Ferrari",4909,151.842486965021
1055,86.4182364474068,86.6007538461539,5378.09605,5634.936,4,2021,4,"Circuit de Barcelona-Catalunya",4657,194.000718936253
1056,77.4466513623219,77.6481298701299,5780.80773684211,5979.322,6,2021,5,"Circuit de Monaco",3337,155.11580925298
1058,73.8801382523258,71.1713,4614.9557,4979.61,70,2021,8,"Red Bull Ring",4318,210.405670153313
1060,72.0449908388546,72.0798142857143,5065.48557894737,5071.561,70,2021,9,"Red Bull Ring",4318,215.76517421967
1061,139.115976109391,138.179788461538,7086.30605263158,7131.857,9,2021,10,"Silverstone Circuit",5891,152.445467394225
1062,144.191077782091,108.0243,6720.3665,7506.1465,11,2021,11,"Hungaroring",4381,109.379860686213
1065,93.4056724237654,93.0484150943396,4349.16905263158,4924.9,14,2021,14,"Autodromo Nazionale di Monza",5793,223.271236733733
1067,95.8531340571256,96.0563947368421,5496.5133,5496.091,5,2021,16,"Istanbul Park",5338,200.4817076565
1069,103.987106875472,103.943018181818,5415.10085,5725.2055,69,2021,17,"Circuit of the Americas",5513,190.858276533908
1071,79.6873411247539,79.5357285714286,5413.6037,5571.042,18,2021,19,"Autódromo José Carlos Pace",4309,194.665799875474
1073,93.9021124391538,94.4231896551724,4933.23442105263,5423.037,24,2021,22,"Yas Marina Circuit",5281,202.461898951624
1076,92.6034722433042,92.1911465517241,4800.2825,5293.616,1,2022,3,"Albert Park Grand Prix Circuit",5278,205.184530770917
1077,90.8548639879268,89.310935483871,5308.9747368421,5554.02,21,2022,4,"Autodromo Enzo e Dino Ferrari",4909,194.512425909838
1079,90.1239559439577,89.9880153846154,5539.40405,5876.777,4,2022,6,"Circuit de Barcelona-Catalunya",4657,186.023791614576
1080,109.976764944262,110.012203125,6481.5148,7002.3645,6,2022,7,"Circuit de Monaco",3337,109.233982342439
1082,82.8902615974333,82.9550428571429,5236.3795,5806.853,7,2022,9,"Circuit Gilles Villeneuve",4361,189.402225272819
1083,169.993162529045,159.474365384615,7860.24335294118,8282.254,9,2022,10,"Silverstone Circuit",5891,124.755605957837
1084,72.5735823683769,72.5956642857143,4793.36815,5083.512,70,2022,11,"Red Bull Ring",4318,214.193643095858
1086,86.6669008909484,86.769152173913,5988.2701,5993.3565,11,2022,13,"Hungaroring",4381,181.979508184389
1087,119.314006731946,119.427136363636,4946.50910526316,5226.15,13,2022,14,"Circuit de Spa-Francorchamps",7004,211.328080337184
1089,91.0697132634565,91.2011320754717,4421.4481,4831.5365,14,2022,16,"Autodromo Nazionale di Monza",5793,228.998195477666
1091,127.397757906217,125.753355932203,5940.9483,7355.957,15,2022,17,"Marina Bay Street Circuit",4940,139.594293434046
1092,134.424154761905,134.802375,3763.87633333333,3774.4665,22,2022,18,"Suzuka Circuit",5807,155.516692941293
1093,110.580962053571,110.715419642857,5467.60775,6191.903,69,2022,19,"Circuit of the Americas",5513,179.477548679538
1095,83.5887036194948,83.5868309859155,5833.58172222222,5934.665,18,2022,21,"Autódromo José Carlos Pace",4309,185.580100280227
1096,92.2373433744584,92.2327068965517,5149.6342,5293.2115,24,2022,22,"Yas Marina Circuit",5281,206.116083838387
1100,145.571682869309,157.930431034483,7732.14142105263,9159.14,1,2023,3,"Albert Park Grand Prix Circuit",5278,130.525385332383
1104,85.0756348634517,84.9479220779221,6439.5115,6575.764,6,2023,6,"Circuit de Monaco",3337,141.206116407846
1105,81.1071723426573,81.0703636363636,5320.4209,5319.829,4,2023,7,"Circuit de Barcelona-Catalunya",4657,206.704284168252
1106,81.5324381727802,81.4680714285714,5359.05545,5694.2685,7,2023,8,"Circuit Gilles Villeneuve",4361,192.556488581024
1107,73.6603127146211,73.2114366197183,4958.314,5163.617,70,2023,9,"Red Bull Ring",4318,211.033586841052
1108,98.4920859498807,98.7542596153846,4787.21125,5134.4735,9,2023,10,"Silverstone Circuit",5891,215.322884021279
1109,88.3454153827138,85.6592028985507,5351.7907,5927.0025,11,2023,11,"Hungaroring",4381,178.521997227328
1110,114.321426565425,114.333431818182,4900.6902631579,5029.79,13,2023,12,"Circuit de Spa-Francorchamps",7004,220.557079783902
